{
  "BugReportPost" : {
    "transaction" : "BugReportPost",
    "sampleCount" : 18,
    "errorCount" : 3,
    "errorPct" : 16.666666,
    "meanResTime" : 397.22222222222234,
    "medianResTime" : 166.0,
    "minResTime" : 79.0,
    "maxResTime" : 1111.0,
    "pct1ResTime" : 1057.9,
    "pct2ResTime" : 1111.0,
    "pct3ResTime" : 1111.0,
    "throughput" : 0.6024096385542169,
    "receivedKBytesPerSec" : 6.45492124748996,
    "sentKBytesPerSec" : 0.4506306475903615
  },
  "GetHost" : {
    "transaction" : "GetHost",
    "sampleCount" : 96,
    "errorCount" : 0,
    "errorPct" : 0.0,
    "meanResTime" : 199.83333333333334,
    "medianResTime" : 190.5,
    "minResTime" : 135.0,
    "maxResTime" : 502.0,
    "pct1ResTime" : 234.2,
    "pct2ResTime" : 295.99999999999983,
    "pct3ResTime" : 502.0,
    "throughput" : 3.045975187993781,
    "receivedKBytesPerSec" : 16.971340615778786,
    "sentKBytesPerSec" : 0.8566805216232509
  },
  "GetManageCreateUserPage" : {
    "transaction" : "GetManageCreateUserPage",
    "sampleCount" : 16,
    "errorCount" : 0,
    "errorPct" : 0.0,
    "meanResTime" : 135.56249999999997,
    "medianResTime" : 101.5,
    "minResTime" : 75.0,
    "maxResTime" : 420.0,
    "pct1ResTime" : 311.5000000000001,
    "pct2ResTime" : 420.0,
    "pct3ResTime" : 420.0,
    "throughput" : 0.5550544647193506,
    "receivedKBytesPerSec" : 7.281668188007354,
    "sentKBytesPerSec" : 0.16207156733504474
  },
  "PostLogin" : {
    "transaction" : "PostLogin",
    "sampleCount" : 96,
    "errorCount" : 7,
    "errorPct" : 7.2916665,
    "meanResTime" : 704.4687499999998,
    "medianResTime" : 707.5,
    "minResTime" : 95.0,
    "maxResTime" : 1207.0,
    "pct1ResTime" : 1063.8999999999999,
    "pct2ResTime" : 1130.9499999999998,
    "pct3ResTime" : 1207.0,
    "throughput" : 3.056935422239205,
    "receivedKBytesPerSec" : 109.9999825858171,
    "sentKBytesPerSec" : 3.195658047143676
  },
  "CloseIssue-1" : {
    "transaction" : "CloseIssue-1",
    "sampleCount" : 10,
    "errorCount" : 0,
    "errorPct" : 0.0,
    "meanResTime" : 364.5,
    "medianResTime" : 300.5,
    "minResTime" : 131.0,
    "maxResTime" : 790.0,
    "pct1ResTime" : 769.5000000000001,
    "pct2ResTime" : 790.0,
    "pct3ResTime" : 790.0,
    "throughput" : 0.37271710771524413,
    "receivedKBytesPerSec" : 7.3188318230525535,
    "sentKBytesPerSec" : 0.19018036013790535
  },
  "GetManageUsersPage" : {
    "transaction" : "GetManageUsersPage",
    "sampleCount" : 16,
    "errorCount" : 0,
    "errorPct" : 0.0,
    "meanResTime" : 273.06250000000006,
    "medianResTime" : 238.5,
    "minResTime" : 112.0,
    "maxResTime" : 679.0,
    "pct1ResTime" : 478.1000000000002,
    "pct2ResTime" : 679.0,
    "pct3ResTime" : 679.0,
    "throughput" : 0.5528488994851594,
    "receivedKBytesPerSec" : 18.30546008474137,
    "sentKBytesPerSec" : 0.157648318993815
  },
  "CloseIssue-0" : {
    "transaction" : "CloseIssue-0",
    "sampleCount" : 10,
    "errorCount" : 0,
    "errorPct" : 0.0,
    "meanResTime" : 625.9,
    "medianResTime" : 644.0,
    "minResTime" : 439.0,
    "maxResTime" : 829.0,
    "pct1ResTime" : 821.7,
    "pct2ResTime" : 829.0,
    "pct3ResTime" : 829.0,
    "throughput" : 0.3650567663271639,
    "receivedKBytesPerSec" : 0.2288378303763735,
    "sentKBytesPerSec" : 0.2807443393385171
  },
  "BugReportPageGet" : {
    "transaction" : "BugReportPageGet",
    "sampleCount" : 18,
    "errorCount" : 0,
    "errorPct" : 0.0,
    "meanResTime" : 159.33333333333331,
    "medianResTime" : 133.5,
    "minResTime" : 99.0,
    "maxResTime" : 322.0,
    "pct1ResTime" : 241.0000000000001,
    "pct2ResTime" : 322.0,
    "pct3ResTime" : 322.0,
    "throughput" : 0.6025911419102139,
    "receivedKBytesPerSec" : 12.029689906179907,
    "sentKBytesPerSec" : 0.17124416239831275
  },
  "PostLogin-2" : {
    "transaction" : "PostLogin-2",
    "sampleCount" : 94,
    "errorCount" : 0,
    "errorPct" : 0.0,
    "meanResTime" : 125.60638297872345,
    "medianResTime" : 99.5,
    "minResTime" : 67.0,
    "maxResTime" : 395.0,
    "pct1ResTime" : 220.5,
    "pct2ResTime" : 263.5,
    "pct3ResTime" : 395.0,
    "throughput" : 3.0632861891416283,
    "receivedKBytesPerSec" : 17.357613966874144,
    "sentKBytesPerSec" : 0.849074089161181
  },
  "PostLogin-3" : {
    "transaction" : "PostLogin-3",
    "sampleCount" : 56,
    "errorCount" : 0,
    "errorPct" : 0.0,
    "meanResTime" : 302.44642857142856,
    "medianResTime" : 267.5,
    "minResTime" : 155.0,
    "maxResTime" : 741.0,
    "pct1ResTime" : 427.5000000000001,
    "pct2ResTime" : 580.15,
    "pct3ResTime" : 741.0,
    "throughput" : 1.8345017362248575,
    "receivedKBytesPerSec" : 91.10058715316451,
    "sentKBytesPerSec" : 0.5159536133132412
  },
  "SendLogin" : {
    "transaction" : "SendLogin",
    "sampleCount" : 96,
    "errorCount" : 0,
    "errorPct" : 0.0,
    "meanResTime" : 107.96875,
    "medianResTime" : 100.5,
    "minResTime" : 71.0,
    "maxResTime" : 289.0,
    "pct1ResTime" : 154.5,
    "pct2ResTime" : 190.69999999999985,
    "pct3ResTime" : 289.0,
    "throughput" : 3.057130119100694,
    "receivedKBytesPerSec" : 16.292378869180308,
    "sentKBytesPerSec" : 0.9129655853926502
  },
  "PostLogin-0" : {
    "transaction" : "PostLogin-0",
    "sampleCount" : 94,
    "errorCount" : 0,
    "errorPct" : 0.0,
    "meanResTime" : 303.2978723404256,
    "medianResTime" : 277.0,
    "minResTime" : 131.0,
    "maxResTime" : 731.0,
    "pct1ResTime" : 480.0,
    "pct2ResTime" : 556.25,
    "pct3ResTime" : 731.0,
    "throughput" : 3.0437457500890455,
    "receivedKBytesPerSec" : 2.499131044992391,
    "sentKBytesPerSec" : 0.9660642080594503
  },
  "PostLogin-1" : {
    "transaction" : "PostLogin-1",
    "sampleCount" : 94,
    "errorCount" : 0,
    "errorPct" : 0.0,
    "meanResTime" : 106.54255319148938,
    "medianResTime" : 94.0,
    "minResTime" : 62.0,
    "maxResTime" : 382.0,
    "pct1ResTime" : 146.5,
    "pct2ResTime" : 214.25,
    "pct3ResTime" : 382.0,
    "throughput" : 3.064984185985849,
    "receivedKBytesPerSec" : 1.9138001218657277,
    "sentKBytesPerSec" : 0.9363460456813069
  },
  "CloseIssue" : {
    "transaction" : "CloseIssue",
    "sampleCount" : 11,
    "errorCount" : 4,
    "errorPct" : 36.363636,
    "meanResTime" : 935.8181818181819,
    "medianResTime" : 952.0,
    "minResTime" : 389.0,
    "maxResTime" : 1288.0,
    "pct1ResTime" : 1278.8,
    "pct2ResTime" : 1288.0,
    "pct3ResTime" : 1288.0,
    "throughput" : 0.3685462525546956,
    "receivedKBytesPerSec" : 6.872680880825543,
    "sentKBytesPerSec" : 0.42861824471471166
  },
  "GetManageProjectPage" : {
    "transaction" : "GetManageProjectPage",
    "sampleCount" : 21,
    "errorCount" : 1,
    "errorPct" : 4.7619047,
    "meanResTime" : 143.6190476190476,
    "medianResTime" : 117.0,
    "minResTime" : 90.0,
    "maxResTime" : 377.0,
    "pct1ResTime" : 323.0000000000001,
    "pct2ResTime" : 374.79999999999995,
    "pct3ResTime" : 377.0,
    "throughput" : 0.6873977086743044,
    "receivedKBytesPerSec" : 11.565121215220948,
    "sentKBytesPerSec" : 0.18668166939443534
  },
  "GetManagePage" : {
    "transaction" : "GetManagePage",
    "sampleCount" : 38,
    "errorCount" : 1,
    "errorPct" : 2.631579,
    "meanResTime" : 135.97368421052633,
    "medianResTime" : 101.5,
    "minResTime" : 69.0,
    "maxResTime" : 742.0,
    "pct1ResTime" : 251.1,
    "pct2ResTime" : 334.4499999999988,
    "pct3ResTime" : 742.0,
    "throughput" : 1.2339264839589559,
    "receivedKBytesPerSec" : 14.66074124886349,
    "sentKBytesPerSec" : 0.3508153960741655
  },
  "PostCreateProject" : {
    "transaction" : "PostCreateProject",
    "sampleCount" : 20,
    "errorCount" : 0,
    "errorPct" : 0.0,
    "meanResTime" : 293.7,
    "medianResTime" : 258.5,
    "minResTime" : 123.0,
    "maxResTime" : 629.0,
    "pct1ResTime" : 499.50000000000006,
    "pct2ResTime" : 622.6499999999999,
    "pct3ResTime" : 629.0,
    "throughput" : 0.6911088842047065,